segment_type,segment,probability_bin,sample_count,mean_predicted_probability,observed_positive_rate,calibration_gap,absolute_gap
customer_segment,Enterprise,"(-0.001, 0.1]",4,0.0874925,0.0,-0.0874925,0.0874925
customer_segment,Enterprise,"(0.1, 0.2]",46,0.1597908695652174,0.15217391304347827,-0.007616956521739132,0.007616956521739132
customer_segment,Enterprise,"(0.2, 0.3]",116,0.2528066379310345,0.20689655172413793,-0.045910086206896544,0.045910086206896544
customer_segment,Enterprise,"(0.3, 0.4]",123,0.3462030894308943,0.3252032520325203,-0.020999837398373966,0.020999837398373966
customer_segment,Enterprise,"(0.4, 0.5]",101,0.4454058415841584,0.40594059405940597,-0.039465247524752445,0.039465247524752445
customer_segment,Enterprise,"(0.5, 0.6]",62,0.5440888709677419,0.3548387096774194,-0.18925016129032257,0.18925016129032257
customer_segment,Enterprise,"(0.6, 0.7]",29,0.6448348275862068,0.4482758620689655,-0.19655896551724128,0.19655896551724128
customer_segment,Enterprise,"(0.7, 0.8]",11,0.7370763636363636,0.6363636363636364,-0.10071272727272729,0.10071272727272729
customer_segment,Enterprise,"(0.8, 0.9]",1,0.82645,1.0,0.17354999999999998,0.17354999999999998
customer_segment,Enterprise,"(0.9, 1.0]",0,,,,
customer_segment,SMB,"(-0.001, 0.1]",24,0.07552458333333333,0.125,0.049475416666666674,0.049475416666666674
customer_segment,SMB,"(0.1, 0.2]",105,0.15734485714285715,0.1523809523809524,-0.004963904761904753,0.004963904761904753
customer_segment,SMB,"(0.2, 0.3]",139,0.24885611510791367,0.2446043165467626,-0.004251798561151071,0.004251798561151071
customer_segment,SMB,"(0.3, 0.4]",91,0.3483184615384615,0.26373626373626374,-0.08458219780219778,0.08458219780219778
customer_segment,SMB,"(0.4, 0.5]",60,0.4468895,0.4,-0.04688949999999997,0.04688949999999997
customer_segment,SMB,"(0.5, 0.6]",26,0.5477292307692307,0.5769230769230769,0.029193846153846126,0.029193846153846126
customer_segment,SMB,"(0.6, 0.7]",7,0.6472185714285714,0.7142857142857143,0.06706714285714288,0.06706714285714288
customer_segment,SMB,"(0.7, 0.8]",1,0.77611,0.0,-0.77611,0.77611
customer_segment,SMB,"(0.8, 0.9]",0,,,,
customer_segment,SMB,"(0.9, 1.0]",1,0.94329,0.0,-0.94329,0.94329
customer_segment,Startup,"(-0.001, 0.1]",0,,,,
customer_segment,Startup,"(0.1, 0.2]",2,0.174315,0.0,-0.174315,0.174315
customer_segment,Startup,"(0.2, 0.3]",22,0.2635263636363636,0.18181818181818182,-0.08170818181818179,0.08170818181818179
customer_segment,Startup,"(0.3, 0.4]",50,0.3491438,0.22,-0.1291438,0.1291438
customer_segment,Startup,"(0.4, 0.5]",61,0.4520360655737705,0.29508196721311475,-0.15695409836065577,0.15695409836065577
customer_segment,Startup,"(0.5, 0.6]",61,0.5450319672131148,0.32786885245901637,-0.21716311475409839,0.21716311475409839
customer_segment,Startup,"(0.6, 0.7]",35,0.6489371428571429,0.4857142857142857,-0.16322285714285717,0.16322285714285717
customer_segment,Startup,"(0.7, 0.8]",13,0.7398861538461539,0.6923076923076923,-0.04757846153846157,0.04757846153846157
customer_segment,Startup,"(0.8, 0.9]",6,0.8419516666666667,0.8333333333333334,-0.008618333333333283,0.008618333333333283
customer_segment,Startup,"(0.9, 1.0]",3,0.9656266666666666,0.0,-0.9656266666666666,0.9656266666666666
region,East,"(-0.001, 0.1]",11,0.07488363636363636,0.0,-0.07488363636363636,0.07488363636363636
region,East,"(0.1, 0.2]",32,0.154494375,0.15625,0.0017556250000000106,0.0017556250000000106
region,East,"(0.2, 0.3]",40,0.25910299999999997,0.2,-0.05910299999999996,0.05910299999999996
region,East,"(0.3, 0.4]",58,0.34928189655172415,0.25862068965517243,-0.09066120689655172,0.09066120689655172
region,East,"(0.4, 0.5]",44,0.4571152272727273,0.4318181818181818,-0.025297045454545475,0.025297045454545475
region,East,"(0.5, 0.6]",22,0.5489463636363636,0.36363636363636365,-0.18530999999999997,0.18530999999999997
region,East,"(0.6, 0.7]",16,0.6384387499999999,0.375,-0.26343874999999994,0.26343874999999994
region,East,"(0.7, 0.8]",6,0.7435333333333333,0.8333333333333334,0.0898000000000001,0.0898000000000001
region,East,"(0.8, 0.9]",0,,,,
region,East,"(0.9, 1.0]",1,0.9186,0.0,-0.9186,0.9186
region,North,"(-0.001, 0.1]",7,0.07067142857142858,0.14285714285714285,0.07218571428571427,0.07218571428571427
region,North,"(0.1, 0.2]",40,0.15839575,0.075,-0.08339575,0.08339575
region,North,"(0.2, 0.3]",88,0.24825522727272728,0.20454545454545456,-0.04370977272727272,0.04370977272727272
region,North,"(0.3, 0.4]",83,0.34876277108433734,0.30120481927710846,-0.04755795180722888,0.04755795180722888
region,North,"(0.4, 0.5]",59,0.44526813559322037,0.23728813559322035,-0.20798000000000003,0.20798000000000003
region,North,"(0.5, 0.6]",37,0.540724054054054,0.40540540540540543,-0.13531864864864857,0.13531864864864857
region,North,"(0.6, 0.7]",18,0.6456672222222222,0.6111111111111112,-0.03455611111111101,0.03455611111111101
region,North,"(0.7, 0.8]",8,0.73555875,0.625,-0.11055875000000004,0.11055875000000004
region,North,"(0.8, 0.9]",0,,,,
region,North,"(0.9, 1.0]",0,,,,
region,South,"(-0.001, 0.1]",6,0.07878166666666667,0.16666666666666666,0.08788499999999999,0.08788499999999999
region,South,"(0.1, 0.2]",51,0.15722117647058825,0.13725490196078433,-0.019966274509803927,0.019966274509803927
region,South,"(0.2, 0.3]",77,0.2501462337662338,0.2597402597402597,0.009594025974025921,0.009594025974025921
region,South,"(0.3, 0.4]",57,0.34346333333333334,0.3684210526315789,0.024957719298245584,0.024957719298245584
region,South,"(0.4, 0.5]",65,0.4434243076923077,0.49230769230769234,0.04888338461538466,0.04888338461538466
region,South,"(0.5, 0.6]",37,0.5461245945945946,0.2972972972972973,-0.2488272972972973,0.2488272972972973
region,South,"(0.6, 0.7]",14,0.659625,0.42857142857142855,-0.23105357142857147,0.23105357142857147
region,South,"(0.7, 0.8]",4,0.7273575,1.0,0.2726425,0.2726425
region,South,"(0.8, 0.9]",5,0.835234,0.8,-0.03523399999999999,0.03523399999999999
region,South,"(0.9, 1.0]",1,0.94329,0.0,-0.94329,0.94329
region,West,"(-0.001, 0.1]",4,0.0928625,0.25,0.15713749999999999,0.15713749999999999
region,West,"(0.1, 0.2]",30,0.16407633333333335,0.26666666666666666,0.10259033333333331,0.10259033333333331
region,West,"(0.2, 0.3]",72,0.2533654166666667,0.2222222222222222,-0.031143194444444466,0.031143194444444466
region,West,"(0.3, 0.4]",66,0.34778909090909094,0.21212121212121213,-0.1356678787878788,0.1356678787878788
region,West,"(0.4, 0.5]",54,0.4475387037037037,0.3333333333333333,-0.11420537037037037,0.11420537037037037
region,West,"(0.5, 0.6]",53,0.5458716981132076,0.4339622641509434,-0.11190943396226416,0.11190943396226416
region,West,"(0.6, 0.7]",23,0.6465982608695652,0.5217391304347826,-0.12485913043478258,0.12485913043478258
region,West,"(0.7, 0.8]",7,0.7496242857142857,0.2857142857142857,-0.46391000000000004,0.46391000000000004
region,West,"(0.8, 0.9]",2,0.850995,1.0,0.14900500000000005,0.14900500000000005
region,West,"(0.9, 1.0]",2,0.98914,0.0,-0.98914,0.98914
channel,Mobile,"(-0.001, 0.1]",9,0.07746333333333333,0.1111111111111111,0.033647777777777776,0.033647777777777776
channel,Mobile,"(0.1, 0.2]",59,0.15528050847457628,0.13559322033898305,-0.01968728813559323,0.01968728813559323
channel,Mobile,"(0.2, 0.3]",123,0.2496449593495935,0.2682926829268293,0.018647723577235792,0.018647723577235792
channel,Mobile,"(0.3, 0.4]",89,0.34922044943820224,0.2808988764044944,-0.06832157303370784,0.06832157303370784
channel,Mobile,"(0.4, 0.5]",66,0.44945893939393944,0.30303030303030304,-0.1464286363636364,0.1464286363636364
channel,Mobile,"(0.5, 0.6]",55,0.5460405454545454,0.38181818181818183,-0.16422236363636356,0.16422236363636356
channel,Mobile,"(0.6, 0.7]",24,0.6501916666666666,0.5833333333333334,-0.06685833333333324,0.06685833333333324
channel,Mobile,"(0.7, 0.8]",3,0.7564733333333334,0.3333333333333333,-0.4231400000000001,0.4231400000000001
channel,Mobile,"(0.8, 0.9]",3,0.8468966666666667,0.6666666666666666,-0.1802300000000001,0.1802300000000001
channel,Mobile,"(0.9, 1.0]",0,,,,
channel,Partner,"(-0.001, 0.1]",1,0.07838,0.0,-0.07838,0.07838
channel,Partner,"(0.1, 0.2]",5,0.1683,0.0,-0.1683,0.1683
channel,Partner,"(0.2, 0.3]",20,0.2519905,0.1,-0.1519905,0.1519905
channel,Partner,"(0.3, 0.4]",27,0.3460525925925926,0.25925925925925924,-0.08679333333333333,0.08679333333333333
channel,Partner,"(0.4, 0.5]",43,0.44878209302325583,0.46511627906976744,0.0163341860465116,0.0163341860465116
channel,Partner,"(0.5, 0.6]",32,0.5485509375,0.34375,-0.20480093749999995,0.20480093749999995
channel,Partner,"(0.6, 0.7]",24,0.6470108333333333,0.375,-0.2720108333333333,0.2720108333333333
channel,Partner,"(0.7, 0.8]",12,0.7407758333333333,0.6666666666666666,-0.07410916666666667,0.07410916666666667
channel,Partner,"(0.8, 0.9]",3,0.8371366666666668,1.0,0.16286333333333325,0.16286333333333325
channel,Partner,"(0.9, 1.0]",4,0.9600425,0.0,-0.9600425,0.9600425
channel,Web,"(-0.001, 0.1]",18,0.07705611111111112,0.1111111111111111,0.03405499999999999,0.03405499999999999
channel,Web,"(0.1, 0.2]",89,0.1597434831460674,0.16853932584269662,0.008795842696629225,0.008795842696629225
channel,Web,"(0.2, 0.3]",134,0.2534926119402985,0.20149253731343283,-0.05200007462686565,0.05200007462686565
channel,Web,"(0.3, 0.4]",148,0.3467102027027027,0.2905405405405405,-0.05616966216216218,0.05616966216216218
channel,Web,"(0.4, 0.5]",113,0.44612070796460174,0.3805309734513274,-0.06558973451327432,0.06558973451327432
channel,Web,"(0.5, 0.6]",62,0.5425090322580645,0.4032258064516129,-0.13928322580645158,0.13928322580645158
channel,Web,"(0.6, 0.7]",23,0.6439426086956521,0.5217391304347826,-0.12220347826086952,0.12220347826086952
channel,Web,"(0.7, 0.8]",10,0.7343740000000001,0.7,-0.03437400000000013,0.03437400000000013
channel,Web,"(0.8, 0.9]",1,0.82606,1.0,0.17393999999999998,0.17393999999999998
channel,Web,"(0.9, 1.0]",0,,,,
