sample_id,customer_segment,region,channel,actual_label,predicted_probability,predicted_label
S0001,Enterprise,West,Web,0,0.39575,0
S0002,Startup,North,Web,1,0.32401,0
S0003,SMB,North,Web,0,0.20249,0
S0004,SMB,South,Web,0,0.26417,0
S0005,Enterprise,South,Mobile,0,0.29827,0
S0006,Enterprise,West,Mobile,0,0.28446,0
S0007,Enterprise,West,Web,1,0.29817,0
S0008,Startup,South,Web,0,0.57463,1
S0009,SMB,North,Partner,0,0.16963,0
S0010,SMB,East,Web,0,0.25608,0
S0011,Enterprise,South,Mobile,1,0.55359,1
S0012,Startup,South,Web,1,0.34779,0
S0013,Startup,North,Web,0,0.40416,0
S0014,Enterprise,West,Web,0,0.37154,0
S0015,Enterprise,West,Mobile,0,0.546,1
S0016,Enterprise,North,Partner,1,0.49376,0
S0017,Enterprise,North,Web,0,0.33446,0
S0018,SMB,West,Web,1,0.37194,0
S0019,SMB,West,Web,0,0.1592,0
S0020,Enterprise,North,Web,1,0.43435,0
S0021,SMB,East,Web,0,0.29495,0
S0022,Enterprise,North,Web,0,0.28681,0
S0023,Enterprise,South,Mobile,0,0.17209,0
S0024,Enterprise,East,Web,0,0.31246,0
S0025,SMB,South,Web,1,0.31496,0
S0026,SMB,West,Partner,0,0.61108,1
S0027,Enterprise,South,Web,0,0.26475,0
S0028,SMB,North,Partner,0,0.39966,0
S0029,SMB,East,Web,0,0.06889,0
S0030,Enterprise,South,Partner,1,0.33191,0
S0031,SMB,East,Mobile,0,0.31652,0
S0032,Enterprise,North,Mobile,0,0.19552,0
S0033,Enterprise,North,Partner,0,0.30881,0
S0034,Startup,North,Web,0,0.358,0
S0035,Startup,West,Partner,0,0.73256,1
S0036,Startup,South,Web,0,0.4359,0
S0037,Enterprise,East,Web,0,0.09842,0
S0038,Enterprise,South,Web,1,0.19182,0
S0039,SMB,East,Mobile,0,0.20147,0
S0040,SMB,North,Web,0,0.31775,0
S0041,Enterprise,East,Mobile,0,0.14386,0
S0042,SMB,West,Mobile,0,0.30224,0
S0043,Enterprise,West,Mobile,0,0.39223,0
S0044,Startup,East,Mobile,0,0.6564,1
S0045,Enterprise,West,Web,0,0.39067,0
S0046,SMB,West,Web,0,0.34499,0
S0047,Enterprise,North,Web,0,0.38075,0
S0048,SMB,North,Web,0,0.01422,0
S0049,SMB,East,Web,1,0.33688,0
S0050,Enterprise,West,Web,0,0.3901,0
S0051,Startup,West,Web,0,0.61668,1
S0052,SMB,South,Partner,0,0.94329,1
S0053,Startup,North,Mobile,0,0.17097,0
S0054,Startup,North,Web,0,0.73296,1
S0055,SMB,West,Mobile,0,0.28217,0
S0056,Startup,South,Web,1,0.4979,0
S0057,Enterprise,North,Web,1,0.36353,0
S0058,Enterprise,South,Mobile,1,0.30311,0
S0059,Enterprise,North,Web,0,0.28615,0
S0060,Enterprise,West,Web,0,0.42638,0
S0061,Enterprise,North,Partner,1,0.24234,0
S0062,Enterprise,West,Partner,1,0.5977,1
S0063,Startup,South,Mobile,0,0.4296,0
S0064,Enterprise,South,Mobile,0,0.21889,0
S0065,Enterprise,North,Mobile,0,0.28296,0
S0066,SMB,North,Web,1,0.40271,0
S0067,Enterprise,South,Web,0,0.26737,0
S0068,Startup,South,Web,1,0.55197,1
S0069,Enterprise,West,Web,0,0.2792,0
S0070,Startup,South,Mobile,0,0.53141,1
S0071,SMB,West,Web,0,0.40253,0
S0072,Enterprise,East,Partner,1,0.75385,1
S0073,Enterprise,West,Partner,0,0.49033,0
S0074,Startup,North,Mobile,1,0.62031,1
S0075,SMB,South,Mobile,0,0.2516,0
S0076,SMB,North,Partner,1,0.5682,1
S0077,SMB,North,Web,1,0.12432,0
S0078,Enterprise,East,Mobile,0,0.44485,0
S0079,Enterprise,North,Web,1,0.34009,0
S0080,Enterprise,South,Mobile,0,0.28111,0
S0081,Startup,West,Web,1,0.52868,1
S0082,SMB,West,Partner,0,0.44435,0
S0083,Enterprise,West,Partner,1,0.49975,0
S0084,Enterprise,North,Web,0,0.40985,0
S0085,Enterprise,South,Web,1,0.59811,1
S0086,Enterprise,South,Partner,0,0.67687,1
S0087,SMB,North,Web,0,0.323,0
S0088,SMB,South,Partner,0,0.30596,0
S0089,Startup,North,Mobile,0,0.35085,0
S0090,SMB,North,Web,1,0.33331,0
S0091,Enterprise,South,Web,0,0.50657,1
S0092,SMB,North,Web,0,0.53332,1
S0093,SMB,West,Mobile,0,0.20649,0
S0094,SMB,West,Web,0,0.26756,0
S0095,SMB,East,Mobile,0,0.10131,0
S0096,SMB,North,Web,0,0.17203,0
S0097,SMB,North,Mobile,0,0.31329,0
S0098,SMB,North,Partner,0,0.2752,0
S0099,Enterprise,West,Partner,0,0.57036,1
S0100,Enterprise,West,Web,1,0.4196,0
S0101,Enterprise,North,Mobile,0,0.38515,0
S0102,SMB,East,Mobile,0,0.11845,0
S0103,Enterprise,North,Mobile,0,0.38668,0
S0104,SMB,South,Partner,0,0.07838,0
S0105,Startup,West,Web,1,0.4526,0
S0106,Enterprise,East,Web,0,0.18087,0
S0107,SMB,West,Partner,1,0.62943,1
S0108,SMB,East,Web,0,0.36175,0
S0109,Enterprise,South,Mobile,1,0.4188,0
S0110,Enterprise,East,Partner,0,0.71369,1
S0111,Enterprise,North,Web,0,0.24894,0
S0112,Enterprise,East,Partner,1,0.75289,1
S0113,Startup,South,Web,1,0.57045,1
S0114,Startup,East,Mobile,0,0.43026,0
S0115,SMB,South,Mobile,0,0.36089,0
S0116,Startup,West,Partner,1,0.47798,0
S0117,Startup,South,Web,0,0.33832,0
S0118,Enterprise,West,Web,0,0.39445,0
S0119,Startup,North,Mobile,1,0.38901,0
S0120,SMB,North,Mobile,1,0.08829,0
S0121,Startup,North,Mobile,1,0.64904,1
S0122,Startup,North,Web,0,0.4438,0
S0123,Enterprise,East,Web,0,0.45187,0
S0124,Enterprise,North,Web,1,0.2535,0
S0125,Enterprise,East,Mobile,0,0.11034,0
S0126,SMB,South,Web,0,0.30258,0
S0127,Startup,North,Web,0,0.207,0
S0128,Startup,West,Partner,0,0.61388,1
S0129,Enterprise,West,Web,0,0.21545,0
S0130,SMB,South,Partner,1,0.66623,1
S0131,SMB,West,Mobile,0,0.43566,0
S0132,Enterprise,West,Mobile,1,0.3783,0
S0133,Enterprise,North,Web,0,0.52578,1
S0134,Enterprise,East,Web,1,0.24449,0
S0135,Startup,East,Mobile,0,0.54941,1
S0136,Enterprise,West,Mobile,0,0.41963,0
S0137,SMB,North,Mobile,1,0.28847,0
S0138,SMB,West,Web,0,0.49883,0
S0139,Enterprise,North,Mobile,0,0.46433,0
S0140,Startup,North,Mobile,0,0.52052,1
S0141,Startup,North,Mobile,1,0.21946,0
S0142,Enterprise,South,Mobile,0,0.23563,0
S0143,SMB,East,Mobile,0,0.24301,0
S0144,Enterprise,West,Mobile,0,0.42592,0
S0145,Enterprise,West,Web,0,0.22315,0
S0146,Enterprise,South,Web,0,0.6929,1
S0147,SMB,South,Web,0,0.43891,0
S0148,SMB,South,Web,0,0.33772,0
S0149,Enterprise,East,Web,0,0.38995,0
S0150,Enterprise,North,Web,0,0.30229,0
S0151,Startup,East,Web,1,0.37281,0
S0152,Enterprise,West,Web,0,0.40239,0
S0153,Enterprise,South,Mobile,1,0.3753,0
S0154,SMB,West,Partner,0,0.24151,0
S0155,Startup,South,Web,0,0.53773,1
S0156,Enterprise,East,Partner,1,0.458,0
S0157,SMB,East,Mobile,0,0.16359,0
S0158,SMB,South,Web,0,0.12343,0
S0159,Enterprise,North,Web,1,0.3102,0
S0160,SMB,West,Mobile,1,0.55029,1
S0161,Enterprise,East,Mobile,0,0.39317,0
S0162,SMB,North,Mobile,0,0.11694,0
S0163,SMB,West,Web,0,0.35139,0
S0164,SMB,West,Web,0,0.22606,0
S0165,Enterprise,West,Web,1,0.54949,1
S0166,Startup,North,Web,0,0.35816,0
S0167,Enterprise,West,Web,1,0.38301,0
S0168,Enterprise,East,Web,0,0.47283,0
S0169,Enterprise,North,Mobile,0,0.20152,0
S0170,SMB,North,Partner,0,0.20759,0
S0171,SMB,East,Web,0,0.2059,0
S0172,Enterprise,North,Partner,1,0.6678,1
S0173,SMB,East,Web,0,0.08787,0
S0174,Enterprise,South,Web,0,0.11033,0
S0175,SMB,North,Web,0,0.16423,0
S0176,Enterprise,East,Mobile,1,0.38339,0
S0177,SMB,South,Partner,0,0.5534,1
S0178,Enterprise,South,Mobile,0,0.24171,0
S0179,Startup,South,Web,0,0.39088,0
S0180,Enterprise,West,Mobile,1,0.53268,1
S0181,Enterprise,North,Web,0,0.18185,0
S0182,Enterprise,South,Partner,1,0.47695,0
S0183,Startup,East,Mobile,0,0.44425,0
S0184,Startup,North,Web,1,0.46453,0
S0185,Enterprise,West,Mobile,1,0.31345,0
S0186,SMB,South,Mobile,1,0.24515,0
S0187,Startup,West,Web,0,0.24507,0
S0188,SMB,North,Mobile,0,0.15548,0
S0189,SMB,East,Web,0,0.29132,0
S0190,Enterprise,South,Mobile,1,0.24462,0
S0191,Enterprise,North,Mobile,0,0.38841,0
S0192,Startup,North,Mobile,0,0.4606,0
S0193,Startup,North,Mobile,0,0.4015,0
S0194,SMB,South,Mobile,0,0.26879,0
S0195,Enterprise,South,Web,0,0.20148,0
S0196,Enterprise,East,Mobile,1,0.37784,0
S0197,SMB,South,Web,0,0.29785,0
S0198,Startup,North,Web,0,0.48336,0
S0199,Startup,West,Web,0,0.44238,0
S0200,SMB,West,Web,0,0.28842,0
S0201,SMB,North,Mobile,0,0.2704,0
S0202,Enterprise,North,Web,0,0.13687,0
S0203,Enterprise,North,Mobile,0,0.55445,1
S0204,Startup,West,Web,0,0.44592,0
S0205,SMB,West,Web,0,0.3081,0
S0206,Enterprise,South,Mobile,0,0.55699,1
S0207,Enterprise,East,Web,1,0.1863,0
S0208,SMB,East,Web,1,0.14858,0
S0209,Enterprise,West,Mobile,0,0.35185,0
S0210,Enterprise,East,Web,0,0.2783,0
S0211,SMB,North,Mobile,1,0.57779,1
S0212,SMB,North,Web,0,0.18252,0
S0213,SMB,North,Web,0,0.22137,0
S0214,Enterprise,North,Mobile,1,0.35439,0
S0215,SMB,South,Web,0,0.09069,0
S0216,Enterprise,East,Web,0,0.29636,0
S0217,Enterprise,North,Web,1,0.39197,0
S0218,SMB,North,Web,0,0.16546,0
S0219,SMB,South,Mobile,0,0.22344,0
S0220,Startup,East,Web,0,0.40434,0
S0221,SMB,South,Mobile,0,0.11841,0
S0222,SMB,South,Partner,1,0.42268,0
S0223,Enterprise,North,Web,0,0.62507,1
S0224,Enterprise,North,Partner,1,0.45434,0
S0225,Enterprise,East,Web,0,0.35706,0
S0226,Enterprise,East,Partner,1,0.53567,1
S0227,Startup,North,Web,0,0.37118,0
S0228,Enterprise,East,Mobile,1,0.60695,1
S0229,Startup,West,Web,0,0.53104,1
S0230,SMB,East,Web,1,0.44518,0
S0231,SMB,South,Mobile,1,0.26706,0
S0232,SMB,South,Mobile,1,0.47037,0
S0233,SMB,South,Web,0,0.32885,0
S0234,SMB,West,Web,0,0.37107,0
S0235,Enterprise,North,Mobile,0,0.39729,0
S0236,SMB,North,Mobile,0,0.24576,0
S0237,Enterprise,South,Partner,1,0.72323,1
S0238,Enterprise,West,Mobile,1,0.42506,0
S0239,SMB,North,Partner,0,0.12939,0
S0240,Enterprise,West,Mobile,0,0.2397,0
S0241,Startup,East,Web,1,0.44637,0
S0242,Startup,North,Web,0,0.58028,1
S0243,Startup,West,Mobile,0,0.45001,0
S0244,Enterprise,South,Mobile,0,0.5702,1
S0245,Enterprise,East,Web,0,0.16394,0
S0246,Startup,North,Web,1,0.51214,1
S0247,SMB,West,Partner,0,0.19447,0
S0248,Startup,East,Mobile,1,0.54915,1
S0249,Startup,East,Web,0,0.47462,0
S0250,Startup,West,Web,0,0.59633,1
S0251,Enterprise,South,Web,0,0.27726,0
S0252,Enterprise,West,Web,1,0.5874,1
S0253,Startup,East,Web,0,0.60329,1
S0254,Enterprise,West,Web,0,0.42095,0
S0255,Enterprise,North,Mobile,0,0.35574,0
S0256,SMB,East,Web,0,0.33065,0
S0257,Startup,West,Mobile,0,0.37318,0
S0258,SMB,West,Partner,0,0.51769,1
S0259,SMB,North,Web,0,0.46421,0
S0260,Enterprise,West,Mobile,1,0.50207,1
S0261,SMB,South,Web,0,0.136,0
S0262,Startup,West,Partner,0,0.65905,1
S0263,Enterprise,North,Web,0,0.18981,0
S0264,SMB,West,Mobile,0,0.33355,0
S0265,Startup,East,Mobile,1,0.47266,0
S0266,SMB,North,Web,0,0.15664,0
S0267,SMB,East,Web,0,0.17336,0
S0268,SMB,South,Mobile,0,0.18123,0
S0269,Enterprise,East,Mobile,0,0.31511,0
S0270,Enterprise,West,Web,0,0.25411,0
S0271,Startup,West,Mobile,0,0.61021,1
S0272,Startup,West,Web,1,0.518,1
S0273,Startup,East,Mobile,0,0.47266,0
S0274,Startup,South,Web,1,0.34386,0
S0275,SMB,South,Partner,1,0.47126,0
S0276,SMB,West,Web,1,0.55681,1
S0277,SMB,East,Web,0,0.23298,0
S0278,SMB,West,Web,1,0.29679,0
S0279,SMB,West,Web,1,0.30536,0
S0280,SMB,South,Mobile,0,0.22503,0
S0281,Startup,East,Web,0,0.4277,0
S0282,Enterprise,North,Mobile,0,0.47912,0
S0283,Enterprise,South,Web,0,0.1087,0
S0284,Enterprise,North,Web,0,0.50003,1
S0285,SMB,South,Web,0,0.22207,0
S0286,Enterprise,South,Web,0,0.29508,0
S0287,SMB,South,Web,0,0.20762,0
S0288,SMB,West,Web,0,0.29707,0
S0289,Enterprise,South,Web,0,0.20752,0
S0290,SMB,South,Web,0,0.47653,0
S0291,Enterprise,North,Mobile,0,0.40626,0
S0292,Enterprise,South,Mobile,0,0.42115,0
S0293,Startup,North,Web,0,0.56705,1
S0294,Enterprise,North,Web,0,0.27583,0
S0295,Enterprise,West,Partner,1,0.57078,1
S0296,SMB,West,Mobile,0,0.27714,0
S0297,SMB,West,Mobile,0,0.45649,0
S0298,Enterprise,South,Web,0,0.16355,0
S0299,SMB,South,Mobile,1,0.17656,0
S0300,Enterprise,East,Mobile,0,0.23841,0
S0301,Enterprise,South,Mobile,1,0.4513,0
S0302,SMB,South,Partner,1,0.42123,0
S0303,SMB,North,Web,0,0.16938,0
S0304,SMB,South,Web,0,0.19274,0
S0305,SMB,South,Mobile,0,0.25197,0
S0306,Startup,South,Mobile,0,0.35683,0
S0307,SMB,West,Web,0,0.39336,0
S0308,Enterprise,South,Web,0,0.28638,0
S0309,SMB,West,Web,0,0.08525,0
S0310,Enterprise,West,Web,1,0.35454,0
S0311,SMB,East,Mobile,0,0.12982,0
S0312,Enterprise,West,Mobile,0,0.23962,0
S0313,Enterprise,East,Web,0,0.20438,0
S0314,Startup,North,Web,0,0.44796,0
S0315,Startup,North,Web,1,0.64425,1
S0316,SMB,North,Web,1,0.24535,0
S0317,SMB,West,Mobile,0,0.19728,0
S0318,Enterprise,East,Partner,0,0.58284,1
S0319,Enterprise,North,Mobile,0,0.25858,0
S0320,Enterprise,East,Web,0,0.26722,0
S0321,SMB,North,Partner,0,0.20495,0
S0322,SMB,East,Mobile,0,0.08295,0
S0323,SMB,South,Mobile,0,0.14442,0
S0324,Enterprise,North,Web,0,0.35789,0
S0325,Startup,South,Web,0,0.44126,0
S0326,SMB,North,Web,0,0.21351,0
S0327,SMB,South,Web,0,0.15401,0
S0328,SMB,South,Web,0,0.27787,0
S0329,SMB,East,Web,0,0.15651,0
S0330,Enterprise,South,Web,0,0.46473,0
S0331,Enterprise,South,Mobile,1,0.23682,0
S0332,SMB,West,Web,1,0.19137,0
S0333,Enterprise,West,Web,0,0.19753,0
S0334,Enterprise,North,Partner,0,0.40638,0
S0335,Enterprise,South,Partner,1,0.64013,1
S0336,Enterprise,North,Mobile,0,0.35629,0
S0337,Startup,North,Partner,1,0.72986,1
S0338,SMB,West,Mobile,0,0.343,0
S0339,SMB,North,Partner,0,0.24156,0
S0340,Enterprise,South,Web,1,0.3437,0
S0341,SMB,West,Web,1,0.1619,0
S0342,SMB,North,Web,0,0.41177,0
S0343,Enterprise,West,Web,0,0.2228,0
S0344,SMB,North,Web,0,0.33339,0
S0345,Enterprise,East,Mobile,0,0.46363,0
S0346,SMB,South,Mobile,0,0.53679,1
S0347,SMB,East,Mobile,0,0.15836,0
S0348,Enterprise,West,Web,0,0.511,1
S0349,Enterprise,North,Mobile,1,0.63721,1
S0350,SMB,West,Mobile,0,0.18598,0
S0351,SMB,East,Web,0,0.09301,0
S0352,Startup,West,Mobile,0,0.34023,0
S0353,SMB,East,Web,1,0.32514,0
S0354,Enterprise,East,Web,0,0.08474,0
S0355,Enterprise,North,Partner,0,0.34615,0
S0356,SMB,North,Web,1,0.29733,0
S0357,Enterprise,West,Web,1,0.4355,0
S0358,SMB,South,Partner,1,0.43358,0
S0359,Startup,East,Mobile,0,0.50045,1
S0360,SMB,East,Web,1,0.46166,0
S0361,Enterprise,South,Web,0,0.21572,0
S0362,SMB,North,Web,1,0.2007,0
S0363,SMB,West,Mobile,0,0.13254,0
S0364,SMB,North,Web,1,0.3203,0
S0365,Startup,East,Web,1,0.5381,1
S0366,Enterprise,South,Partner,0,0.5293,1
S0367,Startup,West,Mobile,1,0.69529,1
S0368,Startup,North,Web,0,0.32159,0
S0369,Enterprise,West,Mobile,1,0.65193,1
S0370,Enterprise,South,Mobile,0,0.54505,1
S0371,Enterprise,West,Web,1,0.49311,0
S0372,Enterprise,North,Web,0,0.56678,1
S0373,Enterprise,West,Mobile,0,0.24741,0
S0374,SMB,East,Web,0,0.17316,0
S0375,Enterprise,North,Mobile,0,0.23923,0
S0376,Enterprise,North,Web,0,0.50449,1
S0377,Startup,North,Web,0,0.28711,0
S0378,Enterprise,West,Web,0,0.46388,0
S0379,Startup,West,Web,1,0.68812,1
S0380,Enterprise,South,Web,0,0.44243,0
S0381,Enterprise,North,Web,0,0.39848,0
S0382,SMB,South,Mobile,0,0.1687,0
S0383,SMB,West,Partner,0,0.38141,0
S0384,Startup,South,Mobile,0,0.5793,1
S0385,SMB,East,Partner,1,0.49628,0
S0386,Startup,North,Web,1,0.43671,0
S0387,Enterprise,West,Partner,0,0.4326,0
S0388,Enterprise,South,Web,0,0.13156,0
S0389,SMB,South,Partner,0,0.20385,0
S0390,Startup,West,Partner,0,0.98828,1
S0391,Startup,West,Mobile,0,0.36826,0
S0392,SMB,East,Partner,0,0.3867,0
S0393,Enterprise,North,Mobile,1,0.5413,1
S0394,SMB,North,Web,0,0.06991,0
S0395,Enterprise,West,Web,1,0.36737,0
S0396,Startup,West,Mobile,1,0.58115,1
S0397,Startup,North,Web,0,0.43914,0
S0398,SMB,North,Mobile,1,0.67705,1
S0399,SMB,North,Partner,0,0.18984,0
S0400,SMB,East,Web,0,0.39178,0
S0401,Enterprise,North,Mobile,0,0.27214,0
S0402,Startup,South,Partner,1,0.74353,1
S0403,SMB,North,Partner,0,0.43121,0
S0404,Startup,South,Partner,0,0.50955,1
S0405,Enterprise,North,Mobile,1,0.30932,0
S0406,Startup,South,Partner,0,0.36782,0
S0407,Enterprise,North,Mobile,0,0.38912,0
S0408,Enterprise,East,Web,0,0.37153,0
S0409,Startup,North,Web,0,0.57796,1
S0410,Enterprise,South,Mobile,1,0.50533,1
S0411,Enterprise,East,Web,0,0.3657,0
S0412,Startup,West,Mobile,0,0.53063,1
S0413,Startup,South,Mobile,0,0.29519,0
S0414,SMB,South,Web,0,0.20644,0
S0415,SMB,South,Mobile,1,0.39927,0
S0416,SMB,West,Mobile,1,0.53505,1
S0417,Enterprise,East,Web,0,0.29488,0
S0418,Enterprise,West,Web,0,0.37515,0
S0419,SMB,West,Web,0,0.15008,0
S0420,SMB,West,Web,0,0.48388,0
S0421,SMB,South,Partner,0,0.43229,0
S0422,SMB,North,Web,1,0.55048,1
S0423,Enterprise,West,Mobile,0,0.26072,0
S0424,SMB,East,Web,0,0.12934,0
S0425,Enterprise,North,Web,1,0.35596,0
S0426,SMB,West,Mobile,0,0.3293,0
S0427,SMB,North,Mobile,1,0.21701,0
S0428,Startup,South,Web,0,0.30803,0
S0429,Enterprise,North,Web,0,0.50636,1
S0430,Enterprise,South,Web,1,0.44564,0
S0431,Enterprise,West,Web,0,0.26369,0
S0432,SMB,South,Mobile,1,0.45612,0
S0433,SMB,West,Web,0,0.48654,0
S0434,Enterprise,West,Web,1,0.40574,0
S0435,Enterprise,East,Web,0,0.32781,0
S0436,SMB,North,Partner,0,0.37784,0
S0437,Enterprise,South,Partner,1,0.32964,0
S0438,Startup,North,Web,0,0.44455,0
S0439,SMB,East,Mobile,0,0.07624,0
S0440,Enterprise,East,Web,1,0.46109,0
S0441,Enterprise,South,Web,0,0.2075,0
S0442,Startup,East,Mobile,0,0.67741,1
S0443,Enterprise,South,Partner,1,0.41992,0
S0444,Enterprise,West,Partner,0,0.52519,1
S0445,Startup,North,Mobile,1,0.3902,0
S0446,Startup,West,Web,0,0.46255,0
S0447,Startup,North,Mobile,0,0.66422,1
S0448,SMB,East,Web,0,0.03697,0
S0449,Enterprise,West,Mobile,0,0.55769,1
S0450,Enterprise,West,Web,1,0.41825,0
S0451,SMB,North,Mobile,1,0.15269,0
S0452,SMB,South,Web,0,0.12823,0
S0453,SMB,North,Web,0,0.43768,0
S0454,Startup,South,Partner,0,0.51797,1
S0455,Enterprise,North,Web,0,0.22735,0
S0456,SMB,East,Mobile,1,0.34949,0
S0457,Enterprise,West,Web,0,0.4218,0
S0458,SMB,South,Web,0,0.15072,0
S0459,Enterprise,South,Web,0,0.43348,0
S0460,Enterprise,South,Web,0,0.1889,0
S0461,Enterprise,West,Partner,0,0.7274,1
S0462,SMB,South,Web,1,0.43594,0
S0463,SMB,East,Partner,0,0.41455,0
S0464,SMB,South,Mobile,0,0.27628,0
S0465,Startup,East,Web,1,0.70312,1
S0466,Enterprise,East,Mobile,1,0.33689,0
S0467,Enterprise,North,Mobile,0,0.21238,0
S0468,Startup,East,Mobile,0,0.55252,1
S0469,Enterprise,North,Web,1,0.7052,1
S0470,Startup,East,Web,0,0.30812,0
S0471,Enterprise,South,Partner,0,0.34874,0
S0472,Startup,East,Partner,1,0.65697,1
S0473,Enterprise,East,Partner,0,0.47164,0
S0474,Startup,East,Web,0,0.34649,0
S0475,SMB,West,Mobile,0,0.43359,0
S0476,Startup,South,Web,1,0.82606,1
S0477,Enterprise,North,Web,0,0.42398,0
S0478,SMB,South,Web,0,0.16297,0
S0479,Startup,North,Mobile,1,0.27051,0
S0480,SMB,West,Web,1,0.29631,0
S0481,SMB,South,Web,0,0.38759,0
S0482,SMB,East,Partner,0,0.48521,0
S0483,SMB,West,Web,0,0.27216,0
S0484,SMB,East,Web,0,0.17686,0
S0485,SMB,North,Web,0,0.11783,0
S0486,Startup,East,Partner,1,0.76405,1
S0487,Enterprise,East,Mobile,0,0.54767,1
S0488,Enterprise,South,Web,0,0.20035,0
S0489,Startup,West,Mobile,0,0.76317,1
S0490,Startup,West,Mobile,0,0.59962,1
S0491,SMB,North,Web,0,0.35677,0
S0492,SMB,South,Mobile,0,0.14295,0
S0493,Enterprise,South,Mobile,0,0.20304,0
S0494,Enterprise,North,Mobile,1,0.33956,0
S0495,SMB,South,Web,1,0.28019,0
S0496,Enterprise,North,Partner,0,0.73976,1
S0497,SMB,North,Mobile,0,0.31941,0
S0498,Enterprise,North,Web,1,0.3485,0
S0499,Startup,East,Web,0,0.31983,0
S0500,Startup,South,Web,1,0.72775,1
S0501,SMB,East,Web,0,0.15975,0
S0502,SMB,South,Mobile,0,0.43249,0
S0503,Enterprise,South,Web,1,0.30309,0
S0504,Startup,South,Web,1,0.68989,1
S0505,SMB,South,Mobile,0,0.25308,0
S0506,Enterprise,North,Web,0,0.38208,0
S0507,Startup,West,Partner,0,0.58335,1
S0508,Startup,North,Web,0,0.4333,0
S0509,Startup,West,Web,1,0.58062,1
S0510,SMB,West,Web,1,0.24071,0
S0511,SMB,North,Web,0,0.16019,0
S0512,SMB,North,Web,0,0.25084,0
S0513,Startup,West,Mobile,0,0.48282,0
S0514,Startup,South,Partner,0,0.24524,0
S0515,Enterprise,North,Web,0,0.40089,0
S0516,Enterprise,East,Mobile,0,0.22704,0
S0517,Enterprise,North,Mobile,0,0.2209,0
S0518,Startup,West,Mobile,0,0.32393,0
S0519,Startup,East,Web,0,0.28632,0
S0520,Enterprise,North,Web,0,0.20823,0
S0521,SMB,North,Web,0,0.20831,0
S0522,Enterprise,North,Mobile,1,0.5932,1
S0523,Startup,South,Mobile,1,0.40846,0
S0524,Startup,North,Web,1,0.50984,1
S0525,Startup,West,Web,0,0.52698,1
S0526,SMB,North,Partner,0,0.325,0
S0527,SMB,South,Mobile,0,0.20531,0
S0528,Enterprise,East,Partner,0,0.29335,0
S0529,Enterprise,East,Mobile,0,0.59214,1
S0530,Startup,West,Web,0,0.77104,1
S0531,Startup,South,Mobile,1,0.24264,0
S0532,Startup,West,Mobile,0,0.34624,0
S0533,Startup,South,Web,0,0.46194,0
S0534,SMB,South,Mobile,0,0.14514,0
S0535,SMB,North,Mobile,1,0.29925,0
S0536,Startup,East,Web,0,0.36239,0
S0537,Startup,South,Mobile,1,0.84502,1
S0538,Enterprise,North,Mobile,1,0.49728,0
S0539,SMB,South,Partner,1,0.43524,0
S0540,Enterprise,South,Web,1,0.50451,1
S0541,Startup,East,Web,1,0.62909,1
S0542,SMB,West,Mobile,0,0.29892,0
S0543,Enterprise,West,Web,1,0.24414,0
S0544,SMB,North,Mobile,0,0.23751,0
S0545,SMB,South,Mobile,0,0.31351,0
S0546,Enterprise,South,Web,0,0.39631,0
S0547,Enterprise,North,Mobile,1,0.24142,0
S0548,SMB,North,Mobile,0,0.21663,0
S0549,SMB,West,Web,0,0.31216,0
S0550,SMB,North,Partner,0,0.3423,0
S0551,SMB,South,Mobile,0,0.52021,1
S0552,Startup,North,Mobile,0,0.23937,0
S0553,SMB,North,Mobile,0,0.37673,0
S0554,SMB,North,Web,0,0.47102,0
S0555,Startup,East,Partner,0,0.9186,1
S0556,SMB,East,Mobile,0,0.24227,0
S0557,Enterprise,East,Mobile,0,0.37975,0
S0558,Enterprise,South,Partner,1,0.57207,1
S0559,SMB,North,Web,0,0.25841,0
S0560,SMB,South,Mobile,1,0.2513,0
S0561,SMB,South,Web,0,0.29373,0
S0562,Enterprise,East,Web,0,0.07692,0
S0563,Enterprise,North,Web,0,0.44542,0
S0564,Enterprise,South,Partner,0,0.52503,1
S0565,Enterprise,North,Partner,1,0.43597,0
S0566,SMB,South,Mobile,0,0.57212,1
S0567,Enterprise,West,Mobile,0,0.26096,0
S0568,SMB,South,Mobile,0,0.195,0
S0569,Startup,South,Partner,1,0.87796,1
S0570,Enterprise,South,Web,0,0.27256,0
S0571,SMB,South,Web,1,0.1824,0
S0572,SMB,West,Web,0,0.28423,0
S0573,Enterprise,East,Mobile,0,0.5056,1
S0574,SMB,East,Mobile,0,0.29022,0
S0575,Startup,West,Web,0,0.34704,0
S0576,Startup,South,Web,0,0.35507,0
S0577,Enterprise,West,Mobile,1,0.30562,0
S0578,Startup,South,Web,0,0.43212,0
S0579,SMB,North,Mobile,1,0.28255,0
S0580,Enterprise,East,Partner,0,0.52058,1
S0581,SMB,North,Web,0,0.05646,0
S0582,Startup,East,Web,1,0.55938,1
S0583,SMB,South,Mobile,0,0.24835,0
S0584,Enterprise,West,Mobile,0,0.61159,1
S0585,SMB,West,Mobile,0,0.29327,0
S0586,Enterprise,East,Partner,0,0.64448,1
S0587,Enterprise,West,Web,1,0.5236,1
S0588,Enterprise,West,Mobile,1,0.63446,1
S0589,Enterprise,North,Mobile,0,0.47595,0
S0590,Enterprise,South,Partner,0,0.46861,0
S0591,Enterprise,North,Web,1,0.73626,1
S0592,SMB,West,Mobile,0,0.38269,0
S0593,Enterprise,South,Mobile,0,0.40365,0
S0594,Enterprise,West,Web,0,0.13718,0
S0595,Startup,North,Web,0,0.34843,0
S0596,SMB,North,Partner,0,0.45471,0
S0597,SMB,West,Web,0,0.27894,0
S0598,Enterprise,North,Web,0,0.26041,0
S0599,Enterprise,North,Web,0,0.33685,0
S0600,Enterprise,North,Partner,1,0.73489,1
S0601,Enterprise,East,Mobile,0,0.48421,0
S0602,Enterprise,West,Mobile,1,0.18529,0
S0603,Enterprise,South,Web,1,0.34372,0
S0604,Enterprise,South,Mobile,0,0.23947,0
S0605,Enterprise,South,Mobile,0,0.29909,0
S0606,SMB,West,Mobile,0,0.2442,0
S0607,Enterprise,West,Partner,1,0.43791,0
S0608,Enterprise,North,Web,0,0.20378,0
S0609,SMB,North,Mobile,0,0.21818,0
S0610,SMB,North,Web,0,0.21425,0
S0611,Enterprise,West,Mobile,0,0.13853,0
S0612,SMB,West,Web,1,0.60266,1
S0613,SMB,North,Web,1,0.34671,0
S0614,Enterprise,North,Web,0,0.28323,0
S0615,Startup,North,Mobile,1,0.49598,0
S0616,Startup,East,Web,1,0.31955,0
S0617,Enterprise,South,Mobile,1,0.62847,1
S0618,Enterprise,West,Web,0,0.74707,1
S0619,Startup,West,Web,1,0.56811,1
S0620,SMB,South,Mobile,1,0.3844,0
S0621,Enterprise,North,Web,1,0.35013,0
S0622,Enterprise,North,Web,0,0.11131,0
S0623,Enterprise,West,Mobile,0,0.32445,0
S0624,SMB,West,Web,1,0.28504,0
S0625,SMB,West,Web,0,0.23715,0
S0626,Enterprise,South,Web,1,0.31035,0
S0627,SMB,North,Partner,1,0.33591,0
S0628,SMB,East,Mobile,0,0.16874,0
S0629,Enterprise,West,Mobile,0,0.36149,0
S0630,Enterprise,South,Mobile,0,0.24115,0
S0631,SMB,East,Web,0,0.22581,0
S0632,Startup,West,Web,0,0.33492,0
S0633,SMB,West,Mobile,1,0.43351,0
S0634,SMB,West,Web,1,0.12293,0
S0635,Enterprise,East,Web,1,0.48915,0
S0636,SMB,West,Web,0,0.50062,1
S0637,SMB,North,Web,1,0.18054,0
S0638,Enterprise,South,Partner,0,0.23705,0
S0639,Enterprise,East,Web,0,0.30357,0
S0640,Enterprise,North,Mobile,0,0.346,0
S0641,Enterprise,South,Web,0,0.2017,0
S0642,Enterprise,South,Partner,1,0.42168,0
S0643,Enterprise,South,Web,0,0.6516,1
S0644,Enterprise,West,Web,1,0.45317,0
S0645,Enterprise,East,Mobile,0,0.22539,0
S0646,Startup,North,Mobile,0,0.28762,0
S0647,SMB,North,Web,0,0.23135,0
S0648,SMB,North,Web,0,0.19648,0
S0649,SMB,East,Web,0,0.20502,0
S0650,SMB,West,Web,0,0.26208,0
S0651,Enterprise,South,Web,1,0.44343,0
S0652,SMB,East,Web,1,0.46593,0
S0653,SMB,East,Web,1,0.32853,0
S0654,SMB,East,Web,0,0.28971,0
S0655,SMB,East,Mobile,0,0.27009,0
S0656,Enterprise,North,Partner,0,0.45111,0
S0657,Enterprise,West,Mobile,1,0.56568,1
S0658,Enterprise,South,Web,1,0.27077,0
S0659,SMB,East,Web,0,0.24132,0
S0660,SMB,West,Partner,1,0.45002,0
S0661,Enterprise,West,Web,1,0.28817,0
S0662,Startup,West,Web,0,0.30087,0
S0663,SMB,North,Mobile,0,0.31625,0
S0664,Enterprise,South,Mobile,0,0.33442,0
S0665,Enterprise,East,Mobile,1,0.46337,0
S0666,Enterprise,East,Web,1,0.25474,0
S0667,Enterprise,North,Web,0,0.52649,1
S0668,Enterprise,North,Partner,1,0.31959,0
S0669,Enterprise,North,Web,1,0.60826,1
S0670,Enterprise,West,Mobile,1,0.14078,0
S0671,Enterprise,East,Mobile,1,0.38831,0
S0672,Startup,North,Mobile,0,0.48321,0
S0673,Enterprise,South,Web,0,0.2744,0
S0674,SMB,East,Web,0,0.31947,0
S0675,SMB,West,Mobile,0,0.4099,0
S0676,Startup,South,Partner,0,0.37363,0
S0677,Enterprise,West,Partner,0,0.68411,1
S0678,Enterprise,South,Web,0,0.13104,0
S0679,Startup,South,Web,0,0.3171,0
S0680,Startup,West,Partner,0,0.99,1
S0681,Startup,West,Mobile,0,0.3774,0
S0682,Enterprise,East,Partner,0,0.31945,0
S0683,Enterprise,West,Web,0,0.36522,0
S0684,SMB,West,Mobile,0,0.64436,1
S0685,Startup,North,Mobile,0,0.27377,0
S0686,SMB,South,Mobile,0,0.12039,0
S0687,SMB,North,Web,0,0.42266,0
S0688,Enterprise,North,Web,1,0.61931,1
S0689,SMB,West,Mobile,0,0.23032,0
S0690,Enterprise,East,Web,0,0.21044,0
S0691,Enterprise,North,Web,0,0.64881,1
S0692,SMB,South,Partner,1,0.55417,1
S0693,SMB,East,Web,1,0.37382,0
S0694,Enterprise,North,Mobile,0,0.23098,0
S0695,Enterprise,West,Web,1,0.3354,0
S0696,SMB,West,Mobile,0,0.25252,0
S0697,Enterprise,West,Partner,0,0.57129,1
S0698,SMB,North,Web,0,0.38734,0
S0699,Enterprise,South,Web,1,0.48524,0
S0700,SMB,West,Web,0,0.12442,0
S0701,SMB,West,Web,0,0.54607,1
S0702,Enterprise,North,Mobile,0,0.40594,0
S0703,Enterprise,West,Partner,0,0.61265,1
S0704,Enterprise,North,Web,1,0.54223,1
S0705,Enterprise,West,Web,1,0.24559,0
S0706,Startup,North,Web,0,0.47812,0
S0707,Enterprise,East,Mobile,1,0.2776,0
S0708,Startup,South,Web,0,0.27439,0
S0709,Enterprise,South,Mobile,1,0.3945,0
S0710,SMB,North,Mobile,1,0.59721,1
S0711,SMB,South,Mobile,0,0.07537,0
S0712,SMB,East,Web,0,0.16367,0
S0713,SMB,East,Mobile,0,0.35848,0
S0714,SMB,South,Web,0,0.26586,0
S0715,Enterprise,South,Web,0,0.30211,0
S0716,Startup,West,Partner,0,0.51674,1
S0717,Startup,East,Mobile,1,0.49921,0
S0718,Startup,West,Web,0,0.36427,0
S0719,Enterprise,South,Web,0,0.17419,0
S0720,SMB,South,Web,1,0.42162,0
S0721,Startup,West,Web,1,0.67451,1
S0722,Enterprise,North,Web,0,0.3361,0
S0723,Enterprise,West,Web,0,0.43638,0
S0724,SMB,South,Web,1,0.3798,0
S0725,SMB,West,Mobile,1,0.32859,0
S0726,Startup,North,Mobile,1,0.53526,1
S0727,Enterprise,West,Mobile,0,0.33023,0
S0728,SMB,South,Web,1,0.48651,0
S0729,Enterprise,West,Partner,0,0.54043,1
S0730,Enterprise,North,Mobile,0,0.34951,0
S0731,Enterprise,West,Mobile,0,0.21797,0
S0732,Startup,West,Mobile,1,0.50975,1
S0733,SMB,West,Partner,0,0.21583,0
S0734,SMB,West,Mobile,0,0.19538,0
S0735,Enterprise,West,Web,0,0.28594,0
S0736,Startup,East,Mobile,0,0.32708,0
S0737,Enterprise,North,Mobile,0,0.66794,1
S0738,Startup,East,Mobile,1,0.67276,1
S0739,SMB,South,Mobile,0,0.56034,1
S0740,Enterprise,North,Web,0,0.20347,0
S0741,SMB,North,Web,1,0.22896,0
S0742,Enterprise,South,Partner,0,0.29659,0
S0743,SMB,West,Mobile,0,0.21774,0
S0744,SMB,West,Mobile,0,0.22497,0
S0745,Enterprise,West,Web,0,0.55942,1
S0746,Startup,South,Web,1,0.41083,0
S0747,Enterprise,South,Partner,1,0.65044,1
S0748,SMB,North,Mobile,0,0.28449,0
S0749,Startup,South,Mobile,0,0.82013,1
S0750,SMB,South,Web,0,0.05667,0
S0751,Enterprise,North,Mobile,0,0.47272,0
S0752,Startup,North,Web,1,0.65413,1
S0753,SMB,West,Mobile,0,0.15698,0
S0754,Enterprise,West,Web,1,0.55074,1
S0755,Enterprise,East,Web,0,0.3903,0
S0756,SMB,East,Mobile,1,0.18035,0
S0757,SMB,West,Partner,0,0.29247,0
S0758,SMB,South,Web,0,0.1224,0
S0759,Startup,West,Mobile,1,0.87554,1
S0760,SMB,West,Web,1,0.23152,0
S0761,Enterprise,North,Web,1,0.45148,0
S0762,Enterprise,South,Web,0,0.21411,0
S0763,Enterprise,East,Web,0,0.27169,0
S0764,SMB,South,Mobile,0,0.37854,0
S0765,Enterprise,West,Web,0,0.20804,0
S0766,SMB,West,Web,0,0.25782,0
S0767,SMB,North,Partner,0,0.36512,0
S0768,Startup,South,Web,0,0.49614,0
S0769,Enterprise,South,Mobile,1,0.28638,0
S0770,Startup,North,Web,0,0.47193,0
S0771,Enterprise,North,Mobile,1,0.4482,0
S0772,Startup,East,Web,0,0.56345,1
S0773,Enterprise,North,Web,0,0.25335,0
S0774,Enterprise,South,Web,0,0.30482,0
S0775,SMB,South,Web,0,0.4149,0
S0776,Enterprise,East,Web,0,0.41923,0
S0777,Enterprise,North,Mobile,0,0.26388,0
S0778,SMB,South,Partner,0,0.40368,0
S0779,SMB,East,Mobile,0,0.1049,0
S0780,SMB,East,Mobile,1,0.21684,0
S0781,SMB,North,Web,1,0.53166,1
S0782,SMB,East,Web,0,0.10042,0
S0783,Enterprise,South,Web,0,0.26201,0
S0784,Enterprise,South,Web,1,0.44304,0
S0785,Enterprise,North,Mobile,0,0.18581,0
S0786,Startup,North,Mobile,0,0.40206,0
S0787,SMB,West,Web,0,0.31987,0
S0788,SMB,South,Web,0,0.14936,0
S0789,SMB,South,Mobile,1,0.2296,0
S0790,Startup,West,Mobile,1,0.69937,1
S0791,Enterprise,West,Web,0,0.44525,0
S0792,SMB,North,Partner,0,0.41772,0
S0793,SMB,West,Partner,0,0.35142,0
S0794,SMB,North,Web,1,0.35509,0
S0795,Enterprise,West,Web,0,0.30808,0
S0796,Startup,West,Mobile,1,0.58288,1
S0797,Startup,East,Partner,0,0.45984,0
S0798,SMB,North,Partner,0,0.24742,0
S0799,SMB,North,Web,0,0.15306,0
S0800,Startup,South,Web,1,0.46167,0
S0801,SMB,North,Mobile,0,0.1475,0
S0802,Enterprise,North,Mobile,1,0.21592,0
S0803,SMB,East,Web,0,0.38096,0
S0804,SMB,North,Partner,0,0.38018,0
S0805,SMB,North,Mobile,0,0.36285,0
S0806,SMB,West,Mobile,1,0.20341,0
S0807,Startup,South,Partner,0,0.66669,1
S0808,Startup,West,Mobile,1,0.58623,1
S0809,SMB,North,Web,0,0.28278,0
S0810,Enterprise,South,Mobile,0,0.31072,0
S0811,Startup,North,Web,0,0.52488,1
S0812,Startup,North,Mobile,0,0.52099,1
S0813,Enterprise,East,Web,0,0.26436,0
S0814,Startup,North,Mobile,0,0.23079,0
S0815,Startup,South,Web,0,0.57994,1
S0816,SMB,South,Web,0,0.56347,1
S0817,SMB,South,Web,1,0.23898,0
S0818,Enterprise,East,Web,0,0.30756,0
S0819,Enterprise,North,Mobile,0,0.404,0
S0820,Enterprise,West,Mobile,0,0.40379,0
S0821,Startup,East,Mobile,0,0.56357,1
S0822,Enterprise,West,Web,1,0.25876,0
S0823,Enterprise,East,Web,0,0.4219,0
S0824,Enterprise,North,Web,0,0.4349,0
S0825,SMB,South,Web,1,0.18028,0
S0826,Startup,North,Partner,1,0.63587,1
S0827,Enterprise,West,Web,0,0.54847,1
S0828,Enterprise,East,Web,1,0.48191,0
S0829,SMB,North,Web,0,0.09189,0
S0830,SMB,West,Web,0,0.43915,0
S0831,Enterprise,North,Mobile,1,0.3146,0
S0832,SMB,West,Mobile,1,0.2299,0
S0833,Enterprise,South,Web,0,0.35011,0
S0834,Enterprise,East,Web,1,0.32561,0
S0835,SMB,West,Web,0,0.46189,0
S0836,SMB,South,Web,1,0.27837,0
S0837,Startup,North,Web,0,0.31518,0
S0838,Enterprise,North,Partner,1,0.40903,0
S0839,SMB,North,Mobile,1,0.22373,0
S0840,SMB,North,Mobile,0,0.44186,0
S0841,Enterprise,East,Web,1,0.43712,0
S0842,SMB,West,Web,1,0.1673,0
S0843,Enterprise,South,Mobile,0,0.65992,1
S0844,Startup,North,Mobile,0,0.55156,1
S0845,Enterprise,East,Mobile,1,0.49429,0
S0846,SMB,West,Web,1,0.2388,0
S0847,Enterprise,North,Mobile,0,0.43264,0
S0848,Startup,West,Web,0,0.59953,1
S0849,SMB,South,Partner,0,0.49319,0
S0850,SMB,North,Mobile,0,0.312,0
S0851,Enterprise,South,Mobile,0,0.49773,0
S0852,SMB,South,Web,0,0.186,0
S0853,Enterprise,North,Mobile,0,0.37643,0
S0854,Startup,East,Web,0,0.47655,0
S0855,Enterprise,East,Web,1,0.4499,0
S0856,Enterprise,West,Web,0,0.33574,0
S0857,Enterprise,South,Mobile,0,0.51179,1
S0858,SMB,South,Web,0,0.43227,0
S0859,SMB,West,Web,0,0.19715,0
S0860,Enterprise,South,Partner,1,0.32234,0
S0861,SMB,North,Web,0,0.17586,0
S0862,SMB,South,Mobile,1,0.21594,0
S0863,SMB,East,Web,0,0.10595,0
S0864,SMB,South,Web,0,0.41451,0
S0865,SMB,North,Mobile,0,0.28381,0
S0866,SMB,West,Web,0,0.26197,0
S0867,Enterprise,North,Web,0,0.23636,0
S0868,Enterprise,North,Mobile,0,0.24536,0
S0869,Startup,North,Mobile,0,0.49176,0
S0870,Startup,South,Mobile,0,0.17766,0
S0871,Enterprise,West,Web,0,0.52472,1
S0872,Enterprise,South,Web,0,0.3024,0
S0873,SMB,North,Mobile,1,0.69972,1
S0874,SMB,East,Mobile,1,0.56223,1
S0875,Enterprise,East,Mobile,1,0.29756,0
S0876,Enterprise,East,Mobile,0,0.31653,0
S0877,SMB,North,Mobile,0,0.35462,0
S0878,SMB,South,Web,1,0.49656,0
S0879,Enterprise,East,Web,0,0.19057,0
S0880,Enterprise,West,Mobile,0,0.1577,0
S0881,Enterprise,North,Web,0,0.31293,0
S0882,SMB,North,Web,0,0.28191,0
S0883,Enterprise,South,Partner,1,0.48956,0
S0884,Enterprise,East,Partner,0,0.65215,1
S0885,SMB,South,Web,1,0.09816,0
S0886,Enterprise,South,Web,0,0.149,0
S0887,SMB,North,Web,0,0.27198,0
S0888,Enterprise,West,Mobile,0,0.32846,0
S0889,Enterprise,East,Partner,0,0.26728,0
S0890,Enterprise,South,Web,0,0.31129,0
S0891,SMB,West,Web,0,0.34131,0
S0892,Startup,East,Partner,0,0.63094,1
S0893,Startup,North,Web,0,0.3736,0
S0894,Enterprise,South,Mobile,1,0.29404,0
S0895,SMB,South,Partner,1,0.23214,0
S0896,Enterprise,West,Web,0,0.21405,0
S0897,Enterprise,West,Mobile,0,0.28487,0
S0898,Startup,West,Web,0,0.61484,1
S0899,Enterprise,West,Web,1,0.38571,0
S0900,Enterprise,South,Mobile,0,0.3138,0
S0901,Enterprise,East,Web,0,0.24633,0
S0902,Enterprise,South,Partner,0,0.47807,0
S0903,Enterprise,North,Mobile,0,0.08989,0
S0904,SMB,West,Web,0,0.34066,0
S0905,SMB,West,Web,1,0.496,0
S0906,Startup,South,Web,0,0.32822,0
S0907,Startup,East,Web,0,0.38089,0
S0908,Enterprise,East,Web,0,0.30163,0
S0909,Enterprise,North,Web,1,0.52828,1
S0910,Enterprise,East,Web,1,0.32512,0
S0911,SMB,North,Mobile,0,0.13671,0
S0912,Enterprise,North,Mobile,0,0.143,0
S0913,SMB,North,Mobile,0,0.24682,0
S0914,SMB,East,Web,1,0.44274,0
S0915,SMB,West,Web,0,0.37504,0
S0916,SMB,North,Mobile,0,0.20631,0
S0917,Enterprise,South,Web,1,0.40659,0
S0918,Startup,West,Web,1,0.50281,1
S0919,SMB,North,Mobile,0,0.20132,0
S0920,Enterprise,East,Mobile,0,0.47899,0
S0921,Startup,East,Mobile,1,0.48689,0
S0922,SMB,South,Web,1,0.21131,0
S0923,Startup,East,Mobile,0,0.36643,0
S0924,SMB,South,Mobile,1,0.35932,0
S0925,SMB,East,Mobile,0,0.35045,0
S0926,Enterprise,West,Mobile,0,0.27396,0
S0927,Enterprise,West,Mobile,1,0.58663,1
S0928,SMB,North,Mobile,0,0.19207,0
S0929,SMB,East,Web,0,0.18253,0
S0930,Enterprise,South,Mobile,0,0.25667,0
S0931,Enterprise,North,Mobile,0,0.1076,0
S0932,Startup,North,Mobile,1,0.50275,1
S0933,Startup,West,Web,0,0.30928,0
S0934,SMB,South,Web,0,0.13055,0
S0935,Enterprise,West,Partner,0,0.30449,0
S0936,Enterprise,East,Mobile,0,0.34681,0
S0937,Enterprise,North,Partner,0,0.41349,0
S0938,Startup,West,Mobile,1,0.43122,0
S0939,Enterprise,North,Mobile,0,0.22973,0
S0940,SMB,East,Mobile,0,0.04777,0
S0941,Enterprise,East,Partner,0,0.59958,1
S0942,SMB,South,Mobile,0,0.19672,0
S0943,SMB,West,Mobile,1,0.365,0
S0944,Startup,South,Web,0,0.29301,0
S0945,Enterprise,South,Web,0,0.41238,0
S0946,Enterprise,East,Mobile,0,0.61989,1
S0947,Enterprise,South,Web,0,0.38186,0
S0948,Startup,South,Web,0,0.43226,0
S0949,Startup,South,Web,0,0.4999,0
S0950,SMB,East,Web,0,0.15903,0
S0951,SMB,South,Web,0,0.25868,0
S0952,SMB,North,Web,0,0.23315,0
S0953,Enterprise,West,Partner,0,0.4699,0
S0954,Startup,East,Mobile,1,0.53386,1
S0955,SMB,North,Web,0,0.08404,0
S0956,Enterprise,North,Web,0,0.17628,0
S0957,SMB,North,Mobile,0,0.11858,0
S0958,Enterprise,South,Web,0,0.18152,0
S0959,Enterprise,South,Mobile,0,0.18553,0
S0960,SMB,West,Mobile,0,0.32854,0
S0961,Enterprise,West,Mobile,0,0.29108,0
S0962,SMB,West,Web,0,0.38069,0
S0963,Enterprise,South,Mobile,0,0.3444,0
S0964,Enterprise,East,Web,0,0.17769,0
S0965,Enterprise,South,Partner,0,0.55595,1
S0966,Enterprise,East,Mobile,0,0.5347,1
S0967,SMB,West,Web,0,0.1401,0
S0968,Enterprise,North,Web,1,0.4769,0
S0969,SMB,West,Web,0,0.18265,0
S0970,SMB,South,Mobile,1,0.20413,0
S0971,SMB,West,Web,0,0.19319,0
S0972,Startup,North,Mobile,1,0.26847,0
S0973,SMB,North,Web,0,0.22779,0
S0974,Enterprise,East,Mobile,0,0.37064,0
S0975,Enterprise,North,Mobile,0,0.30577,0
S0976,Enterprise,East,Mobile,1,0.19275,0
S0977,SMB,North,Mobile,0,0.23039,0
S0978,Enterprise,West,Web,0,0.42672,0
S0979,SMB,West,Web,0,0.29706,0
S0980,SMB,South,Mobile,0,0.18744,0
S0981,Enterprise,South,Web,0,0.27888,0
S0982,SMB,North,Web,1,0.38176,0
S0983,Enterprise,North,Web,1,0.27202,0
S0984,Enterprise,South,Web,0,0.43503,0
S0985,SMB,West,Web,1,0.46308,0
S0986,SMB,East,Partner,0,0.44581,0
S0987,SMB,East,Web,0,0.18233,0
S0988,SMB,West,Mobile,0,0.27209,0
S0989,Enterprise,West,Web,1,0.61806,1
S0990,Startup,West,Mobile,1,0.33764,0
S0991,SMB,North,Web,0,0.1999,0
S0992,SMB,East,Partner,0,0.28825,0
S0993,Enterprise,West,Partner,1,0.68686,1
S0994,SMB,West,Web,0,0.33255,0
S0995,Enterprise,North,Partner,0,0.35654,0
S0996,Enterprise,South,Partner,1,0.41087,0
S0997,Startup,South,Mobile,1,0.39869,0
S0998,Enterprise,East,Mobile,0,0.26974,0
S0999,Startup,South,Web,0,0.57913,1
S1000,SMB,South,Mobile,0,0.13306,0
S1001,Enterprise,East,Web,1,0.62159,1
S1002,SMB,North,Web,0,0.35768,0
S1003,Startup,South,Partner,1,0.807,1
S1004,SMB,North,Web,0,0.14725,0
S1005,Startup,West,Mobile,0,0.5013,1
S1006,SMB,East,Mobile,0,0.06994,0
S1007,SMB,South,Partner,0,0.25408,0
S1008,Startup,East,Partner,0,0.64815,1
S1009,Enterprise,South,Web,0,0.50764,1
S1010,SMB,East,Web,1,0.1144,0
S1011,Enterprise,West,Web,0,0.32889,0
S1012,Startup,East,Web,1,0.46968,0
S1013,Startup,North,Web,0,0.28573,0
S1014,Enterprise,East,Web,0,0.37338,0
S1015,SMB,West,Mobile,0,0.23447,0
S1016,Startup,South,Mobile,1,0.40498,0
S1017,Enterprise,East,Web,1,0.28553,0
S1018,SMB,South,Mobile,0,0.17498,0
S1019,Startup,East,Web,0,0.46778,0
S1020,Enterprise,North,Web,0,0.35442,0
S1021,SMB,West,Mobile,0,0.24972,0
S1022,Enterprise,South,Mobile,1,0.22691,0
S1023,Startup,North,Mobile,0,0.5856,1
S1024,Startup,North,Web,1,0.72943,1
S1025,Startup,North,Mobile,0,0.47711,0
S1026,SMB,South,Mobile,0,0.41069,0
S1027,Startup,South,Mobile,0,0.3062,0
S1028,Startup,West,Mobile,0,0.5459,1
S1029,Enterprise,South,Partner,0,0.41416,0
S1030,Startup,South,Mobile,0,0.28013,0
S1031,Enterprise,West,Mobile,0,0.27882,0
S1032,SMB,North,Partner,1,0.54527,1
S1033,Enterprise,East,Mobile,0,0.52235,1
S1034,Enterprise,East,Web,0,0.32483,0
S1035,Enterprise,West,Mobile,0,0.14116,0
S1036,SMB,West,Web,0,0.23341,0
S1037,Enterprise,East,Web,0,0.32876,0
S1038,SMB,North,Mobile,0,0.24707,0
S1039,Enterprise,North,Partner,0,0.27463,0
S1040,Enterprise,North,Partner,1,0.31911,0
S1041,SMB,West,Web,0,0.22065,0
S1042,SMB,North,Mobile,0,0.31215,0
S1043,Enterprise,West,Web,0,0.19164,0
S1044,SMB,East,Partner,0,0.27848,0
S1045,Startup,East,Partner,0,0.64255,1
S1046,SMB,South,Mobile,1,0.38346,0
S1047,Enterprise,North,Mobile,0,0.47784,0
S1048,Enterprise,East,Mobile,0,0.47019,0
S1049,Startup,West,Mobile,0,0.47211,0
S1050,Enterprise,North,Web,0,0.14779,0
S1051,Startup,North,Web,0,0.41162,0
S1052,SMB,East,Mobile,0,0.36321,0
S1053,Startup,West,Mobile,1,0.73014,1
S1054,SMB,East,Web,0,0.3881,0
S1055,Startup,East,Partner,0,0.61273,1
S1056,Enterprise,West,Web,1,0.41346,0
S1057,SMB,South,Mobile,0,0.22892,0
S1058,SMB,South,Mobile,1,0.26109,0
S1059,SMB,South,Mobile,1,0.47102,0
S1060,SMB,South,Mobile,0,0.17636,0
S1061,Startup,West,Web,1,0.77599,1
S1062,Startup,West,Web,0,0.51226,1
S1063,SMB,East,Mobile,1,0.43099,0
S1064,SMB,South,Mobile,0,0.1485,0
S1065,SMB,West,Web,1,0.4539,0
S1066,SMB,West,Mobile,1,0.2142,0
S1067,Enterprise,West,Web,0,0.22194,0
S1068,Enterprise,West,Mobile,0,0.44431,0
S1069,Enterprise,North,Mobile,0,0.48155,0
S1070,Enterprise,South,Web,1,0.3287,0
S1071,Enterprise,North,Web,0,0.19434,0
S1072,Enterprise,South,Mobile,0,0.32239,0
S1073,Enterprise,South,Mobile,0,0.30326,0
S1074,Enterprise,West,Mobile,0,0.50834,1
S1075,Startup,East,Mobile,1,0.63967,1
S1076,SMB,West,Mobile,0,0.25378,0
S1077,Enterprise,West,Partner,1,0.82645,1
S1078,SMB,South,Mobile,1,0.21531,0
S1079,Enterprise,West,Web,0,0.34538,0
S1080,Startup,North,Web,0,0.29421,0
S1081,SMB,North,Web,0,0.27045,0
S1082,Enterprise,South,Mobile,0,0.27428,0
S1083,SMB,South,Web,0,0.32675,0
S1084,Startup,North,Partner,0,0.63383,1
S1085,Startup,North,Mobile,0,0.27068,0
S1086,SMB,North,Mobile,0,0.30831,0
S1087,SMB,East,Web,1,0.38303,0
S1088,Enterprise,South,Web,0,0.5895,1
S1089,Startup,South,Web,0,0.642,1
S1090,Enterprise,North,Web,0,0.45969,0
S1091,Startup,West,Web,0,0.51343,1
S1092,SMB,South,Mobile,0,0.27789,0
S1093,SMB,North,Partner,1,0.53968,1
S1094,SMB,South,Partner,0,0.15817,0
S1095,Enterprise,North,Mobile,0,0.30894,0
S1096,Enterprise,North,Web,0,0.25106,0
S1097,Enterprise,North,Partner,0,0.55361,1
S1098,Enterprise,North,Partner,0,0.66802,1
S1099,SMB,North,Web,0,0.17113,0
S1100,Enterprise,South,Mobile,1,0.10368,0
S1101,Enterprise,East,Web,1,0.29475,0
S1102,Startup,West,Mobile,1,0.67926,1
S1103,Startup,South,Partner,1,0.63735,1
S1104,Startup,South,Web,1,0.52918,1
S1105,Startup,East,Partner,0,0.55663,1
S1106,Enterprise,South,Mobile,0,0.18028,0
S1107,Enterprise,North,Partner,0,0.52855,1
S1108,SMB,West,Web,1,0.19165,0
S1109,SMB,North,Mobile,0,0.52734,1
S1110,Enterprise,South,Web,1,0.43796,0
S1111,Startup,South,Web,1,0.35266,0
S1112,Enterprise,East,Web,1,0.3068,0
S1113,Enterprise,South,Partner,1,0.53747,1
S1114,SMB,West,Mobile,0,0.21855,0
S1115,SMB,East,Partner,1,0.54772,1
S1116,SMB,North,Partner,1,0.36002,0
S1117,Enterprise,North,Web,0,0.29316,0
S1118,Startup,South,Web,1,0.71492,1
S1119,Enterprise,South,Web,0,0.3675,0
S1120,Enterprise,South,Web,1,0.4257,0
S1121,Startup,East,Web,0,0.37337,0
S1122,Startup,West,Web,0,0.5283,1
S1123,Startup,West,Web,0,0.58488,1
S1124,Startup,South,Web,0,0.22765,0
S1125,SMB,East,Web,1,0.55922,1
S1126,SMB,East,Web,0,0.41081,0
S1127,Enterprise,East,Partner,0,0.40871,0
S1128,SMB,North,Mobile,0,0.13912,0
S1129,Enterprise,West,Partner,1,0.54492,1
S1130,Enterprise,North,Web,0,0.36313,0
S1131,SMB,North,Web,1,0.33876,0
S1132,SMB,North,Mobile,0,0.23673,0
S1133,Enterprise,West,Web,0,0.50433,1
S1134,Enterprise,West,Web,0,0.66733,1
S1135,SMB,North,Web,0,0.2856,0
S1136,Enterprise,South,Web,1,0.17455,0
S1137,Startup,South,Web,0,0.68685,1
S1138,SMB,South,Web,0,0.45995,0
S1139,SMB,North,Mobile,0,0.77611,1
S1140,SMB,South,Web,0,0.13358,0
S1141,Startup,West,Web,0,0.51722,1
S1142,Enterprise,North,Mobile,0,0.10991,0
S1143,SMB,North,Web,0,0.35022,0
S1144,SMB,South,Web,1,0.16149,0
S1145,Enterprise,East,Partner,1,0.7736,1
S1146,Startup,West,Web,0,0.43171,0
S1147,SMB,West,Web,0,0.09731,0
S1148,SMB,South,Web,0,0.18742,0
S1149,Startup,West,Web,0,0.27322,0
S1150,Startup,North,Mobile,0,0.60117,1
S1151,SMB,West,Mobile,0,0.11244,0
S1152,Startup,East,Web,0,0.45822,0
S1153,SMB,West,Mobile,0,0.0933,0
S1154,SMB,East,Mobile,0,0.19152,0
S1155,SMB,West,Web,0,0.4778,0
S1156,SMB,North,Mobile,0,0.29488,0
S1157,Enterprise,East,Web,0,0.3095,0
S1158,Startup,North,Web,0,0.4264,0
S1159,Startup,South,Web,1,0.43736,0
S1160,Enterprise,North,Web,0,0.38052,0
S1161,Startup,North,Web,1,0.32496,0
S1162,Enterprise,South,Mobile,0,0.44476,0
S1163,Enterprise,South,Web,0,0.11496,0
S1164,SMB,South,Web,0,0.1416,0
S1165,Enterprise,West,Web,1,0.32377,0
S1166,Startup,North,Mobile,0,0.50365,1
S1167,Startup,North,Mobile,1,0.4701,0
S1168,SMB,West,Mobile,1,0.16479,0
S1169,Enterprise,South,Mobile,0,0.18771,0
S1170,Enterprise,West,Partner,0,0.49406,0
S1171,SMB,West,Web,0,0.32395,0
S1172,Startup,East,Mobile,0,0.36277,0
S1173,SMB,West,Mobile,1,0.26029,0
S1174,Enterprise,South,Partner,0,0.5728,1
S1175,SMB,West,Partner,0,0.32594,0
S1176,SMB,North,Web,1,0.24553,0
S1177,SMB,South,Web,1,0.53381,1
S1178,Enterprise,West,Web,0,0.2241,0
S1179,SMB,South,Mobile,0,0.07342,0
S1180,SMB,West,Web,0,0.34536,0
S1181,Startup,East,Web,0,0.38393,0
S1182,Enterprise,East,Mobile,1,0.29424,0
S1183,SMB,East,Web,0,0.15457,0
S1184,Startup,South,Partner,0,0.50914,1
S1185,Enterprise,South,Web,0,0.64541,1
S1186,Startup,West,Web,1,0.66603,1
S1187,SMB,South,Web,0,0.39048,0
S1188,Enterprise,West,Mobile,1,0.20944,0
S1189,Enterprise,West,Web,0,0.18475,0
S1190,SMB,West,Web,0,0.12593,0
S1191,Enterprise,South,Partner,0,0.35774,0
S1192,SMB,North,Web,0,0.34474,0
S1193,Enterprise,South,Mobile,0,0.43221,0
S1194,SMB,North,Mobile,0,0.25603,0
S1195,Enterprise,East,Web,0,0.34027,0
S1196,Startup,South,Mobile,0,0.41565,0
S1197,Startup,North,Web,0,0.52986,1
S1198,Startup,North,Mobile,0,0.54195,1
S1199,SMB,West,Web,1,0.09559,0
S1200,Enterprise,West,Mobile,0,0.46483,0
